Workbook

Sheet CM_VOL_DAILY
A1: Date | B1: Month | C1: CM
A2: 43831 | B2: =MONTH(A2) -> 1 | C2: 22907.756
A3: 43832 | B3: =MONTH(A3) -> 1 | C3: 34261.61
A4: 43833 | B4: =MONTH(A4) -> 1 | C4: 36058.841
A5: 43836 | B5: =MONTH(A5) -> 1 | C5: 35712.458
A6: 43837 | B6: =MONTH(A6) -> 1 | C6: 37708.397
A7: 43838 | B7: =MONTH(A7) -> 1 | C7: 39755.932
A8: 43839 | B8: =MONTH(A8) -> 1 | C8: 41173.483
A9: 43840 | B9: =MONTH(A9) -> 1 | C9: 41479.056
A10: 43843 | B10: =MONTH(A10) -> 1 | C10: 37836.689
A11: 43844 | B11: =MONTH(A11) -> 1 | C11: 40497.492
A12: 43845 | B12: =MONTH(A12) -> 1 | C12: 39857.422
A13: 43846 | B13: =MONTH(A13) -> 1 | C13: 38943.263
... A1622: 46226 | B1622: =MONTH(A1622) -> 7 | C1622: 128629.92

Sheet CM_MDA
A1: Month | B1: CM
A2: 43831 | B2: 39228.403
A3: 43862 | B3: 44842.218
A4: 43891 | B4: 54055.466
A5: 43922 | B5: 54843.583
A6: 43952 | B6: 57982.876
A7: 43983 | B7: 68303.041
A8: 44013 | B8: 64899.829
A9: 44044 | B9: 68970.279
A10: 44075 | B10: 61206.862
A11: 44105 | B11: 57077.374
A12: 44136 | B12: 76345.746
A13: 44166 | B13: 70513.135
... A80: 46204 | B80: 136773.3

Sheet Outlier_Dates
A1: Event | B1: Date
A2: Muhurat | B2: 44149
A3: Muhurat | B3: 44504
A4: Muhurat | B4: 44858
A5: Muhurat | B5: 45242
A6: BCP Test | B6: 45353
A7: BCP Test | B7: 45430
A8: Muhurat | B8: 45597
A9: Muhurat | B9: 45951

Sheet FO_VOL_DAILY
A1: Date | B1: Month | C1: FO
A2: 43831 | B2: =MONTH(A2) -> 1 | C2: 1118564
A3: 43832 | B3: =MONTH(A3) -> 1 | C3: 2905955.5
A4: 43833 | B4: =MONTH(A4) -> 1 | C4: 952370.61
A5: 43836 | B5: =MONTH(A5) -> 1 | C5: 1278934.6
A6: 43837 | B6: =MONTH(A6) -> 1 | C6: 1816058
A7: 43838 | B7: =MONTH(A7) -> 1 | C7: 1786724.5
A8: 43839 | B8: =MONTH(A8) -> 1 | C8: 3301982.2
A9: 43840 | B9: =MONTH(A9) -> 1 | C9: 1039314.6
A10: 43843 | B10: =MONTH(A10) -> 1 | C10: 874963.19
A11: 43844 | B11: =MONTH(A11) -> 1 | C11: 1042779.5
A12: 43845 | B12: =MONTH(A12) -> 1 | C12: 1378157.7
A13: 43846 | B13: =MONTH(A13) -> 1 | C13: 3219921.3
... A1623: 46227 | B1623: =MONTH(A1623) -> 7 | C1623: 20637528

Sheet FO_MDA
A1: Month | B1: FO
A2: 43831 | B2: 1669427.7
A3: 43862 | B3: 1734469.1
A4: 43891 | B4: 1146923
A5: 43922 | B5: 1146722.3
A6: 43952 | B6: 1297466.3
A7: 43983 | B7: 1659105.3
A8: 44013 | B8: 1926082.1
A9: 44044 | B9: 1957567.1
A10: 44075 | B10: 2256927.6
A11: 44105 | B11: 2783775.8
A12: 44136 | B12: 3219513.4
A13: 44166 | B13: 3283623.5
... A80: 46204 | B80: 44074522

Sheet VIX_DAILY
A1: Date | B1: Month | C1: VIX
A2: 43831 | B2: =MONTH(A2) -> 1 | C2: 11.5975
A3: 43832 | B3: =MONTH(A3) -> 1 | C3: 11.49
A4: 43833 | B4: =MONTH(A4) -> 1 | C4: 12.695
A5: 43836 | B5: =MONTH(A5) -> 1 | C5: 14.7775
A6: 43837 | B6: =MONTH(A6) -> 1 | C6: 14.61
A7: 43838 | B7: =MONTH(A7) -> 1 | C7: 15.64
A8: 43839 | B8: =MONTH(A8) -> 1 | C8: 13.9975
A9: 43840 | B9: =MONTH(A9) -> 1 | C9: 14.0775
A10: 43843 | B10: =MONTH(A10) -> 1 | C10: 14.275
A11: 43844 | B11: =MONTH(A11) -> 1 | C11: 13.9125
A12: 43845 | B12: =MONTH(A12) -> 1 | C12: 14.12
A13: 43846 | B13: =MONTH(A13) -> 1 | C13: 14.1825
... A1630: 46226 | B1630: =MONTH(A1630) -> 7 | C1630: 13.48

Sheet VIX_MDA
A1: Month | B1: VIX
A2: 43831 | B2: 14.942826
A3: 43862 | B3: 15.359875
A4: 43891 | B4: 53.063571
A5: 43922 | B5: 45.00375
A6: 43952 | B6: 36.982105
A7: 43983 | B7: 30.237614
A8: 44013 | B8: 25.184348
A9: 44044 | B9: 21.210714
A10: 44075 | B10: 21.078977
A11: 44105 | B11: 21.5825
A12: 44136 | B12: 21.011
A13: 44166 | B13: 19.771364
... A80: 46204 | B80: 12.927647

Sheet OI_FULL_DAILY
A1: Date | B1: Month | C1: Open Interest
A2: 43831 | B2: =MONTH(A2) -> 1 | C2: 335344.05
A3: 43832 | B3: =MONTH(A3) -> 1 | C3: 372885.34
A4: 43833 | B4: =MONTH(A4) -> 1 | C4: 319719.74
A5: 43836 | B5: =MONTH(A5) -> 1 | C5: 336671.92
A6: 43837 | B6: =MONTH(A6) -> 1 | C6: 355334.08
A7: 43838 | B7: =MONTH(A7) -> 1 | C7: 366988.91
A8: 43839 | B8: =MONTH(A8) -> 1 | C8: 405549.43
A9: 43840 | B9: =MONTH(A9) -> 1 | C9: 341323.44
A10: 43843 | B10: =MONTH(A10) -> 1 | C10: 363918.22
A11: 43844 | B11: =MONTH(A11) -> 1 | C11: 381949.61
A12: 43845 | B12: =MONTH(A12) -> 1 | C12: 387391.64
A13: 43846 | B13: =MONTH(A13) -> 1 | C13: 422714.26
... A1631: 46227 | B1631: =MONTH(A1631) -> 7 | C1631: 2729597.8

Sheet OI_MDA
A1: Month | B1: OI
A2: 43831 | B2: 373489.29
A3: 43862 | B3: 371907.42
A4: 43891 | B4: 253346.43
A5: 43922 | B5: 203234.81
A6: 43952 | B6: 226116.49
A7: 43983 | B7: 301287.17
A8: 44013 | B8: 361922.78
A9: 44044 | B9: 373702.61
A10: 44075 | B10: 384403.18
A11: 44105 | B11: 418375.86
A12: 44136 | B12: 455040.68
A13: 44166 | B13: 518439.09
... A80: 46204 | B80: 2807126.8

Sheet ALL_DATA_MDA
A1: Month | B1: OI | C1: VIX | D1: FO | E1: CM
A2: 43831 | B2: 373489.29 | C2: =VLOOKUP(A2,VIX_MDA!A2:B80,2,0) -> 14.942826 | D2: =VLOOKUP(A2,FO_MDA!A1:B80,2,0) -> 1669427.7 | E2: =VLOOKUP(A2,CM_MDA!A2:B80,2,0) -> 39228.403
A3: 43862 | B3: 371907.42 | C3: =VLOOKUP(A3,VIX_MDA!A3:B81,2,0) -> 15.359875 | D3: =VLOOKUP(A3,FO_MDA!A2:B81,2,0) -> 1734469.1 | E3: =VLOOKUP(A3,CM_MDA!A3:B81,2,0) -> 44842.218
A4: 43891 | B4: 253346.43 | C4: =VLOOKUP(A4,VIX_MDA!A4:B82,2,0) -> 53.063571 | D4: =VLOOKUP(A4,FO_MDA!A3:B82,2,0) -> 1146923 | E4: =VLOOKUP(A4,CM_MDA!A4:B82,2,0) -> 54055.466
A5: 43922 | B5: 203234.81 | C5: =VLOOKUP(A5,VIX_MDA!A5:B83,2,0) -> 45.00375 | D5: =VLOOKUP(A5,FO_MDA!A4:B83,2,0) -> 1146722.3 | E5: =VLOOKUP(A5,CM_MDA!A5:B83,2,0) -> 54843.583
A6: 43952 | B6: 226116.49 | C6: =VLOOKUP(A6,VIX_MDA!A6:B84,2,0) -> 36.982105 | D6: =VLOOKUP(A6,FO_MDA!A5:B84,2,0) -> 1297466.3 | E6: =VLOOKUP(A6,CM_MDA!A6:B84,2,0) -> 57982.876
A7: 43983 | B7: 301287.17 | C7: =VLOOKUP(A7,VIX_MDA!A7:B85,2,0) -> 30.237614 | D7: =VLOOKUP(A7,FO_MDA!A6:B85,2,0) -> 1659105.3 | E7: =VLOOKUP(A7,CM_MDA!A7:B85,2,0) -> 68303.041
A8: 44013 | B8: 361922.78 | C8: =VLOOKUP(A8,VIX_MDA!A8:B86,2,0) -> 25.184348 | D8: =VLOOKUP(A8,FO_MDA!A7:B86,2,0) -> 1926082.1 | E8: =VLOOKUP(A8,CM_MDA!A8:B86,2,0) -> 64899.829
A9: 44044 | B9: 373702.61 | C9: =VLOOKUP(A9,VIX_MDA!A9:B87,2,0) -> 21.210714 | D9: =VLOOKUP(A9,FO_MDA!A8:B87,2,0) -> 1957567.1 | E9: =VLOOKUP(A9,CM_MDA!A9:B87,2,0) -> 68970.279
A10: 44075 | B10: 384403.18 | C10: =VLOOKUP(A10,VIX_MDA!A10:B88,2,0) -> 21.078977 | D10: =VLOOKUP(A10,FO_MDA!A9:B88,2,0) -> 2256927.6 | E10: =VLOOKUP(A10,CM_MDA!A10:B88,2,0) -> 61206.862
A11: 44105 | B11: 418375.86 | C11: =VLOOKUP(A11,VIX_MDA!A11:B89,2,0) -> 21.5825 | D11: =VLOOKUP(A11,FO_MDA!A10:B89,2,0) -> 2783775.8 | E11: =VLOOKUP(A11,CM_MDA!A11:B89,2,0) -> 57077.374
A12: 44136 | B12: 455040.68 | C12: =VLOOKUP(A12,VIX_MDA!A12:B90,2,0) -> 21.011 | D12: =VLOOKUP(A12,FO_MDA!A11:B90,2,0) -> 3219513.4 | E12: =VLOOKUP(A12,CM_MDA!A12:B90,2,0) -> 76345.746
A13: 44166 | B13: 518439.09 | C13: =VLOOKUP(A13,VIX_MDA!A13:B91,2,0) -> 19.771364 | D13: =VLOOKUP(A13,FO_MDA!A12:B91,2,0) -> 3283623.5 | E13: =VLOOKUP(A13,CM_MDA!A13:B91,2,0) -> 70513.135
... A80: 46204 | B80: 2807126.8 | C80: =VLOOKUP(A80,VIX_MDA!A80:B158,2,0) -> 12.927647 | D80: =VLOOKUP(A80,FO_MDA!A79:B158,2,0) -> 44074522 | E80: =VLOOKUP(A80,CM_MDA!A80:B158,2,0) -> 136773.3
A81: 46235 | B81: 2792344 | C81: 14.729173 | D81: 45262627 | E81: 144030
A82: 46266 | B82: 2849853 | C82: 13.756227 | D82: 46464033 | E82: 145818
A83: 46296 | B83: 2854455 | C83: 11.794848 | D83: 47678405 | E83: 135118
A84: 46327 | B84: 2897715 | C84: 11.49191 | D84: 48905398 | E84: 143423
A85: 46357 | B85: 2912667 | C85: 12.949259 | D85: 50144662 | E85: 140027
A86: 46388 | B86: 2948287 | C86: 14.077028 | D86: 51395844 | E86: 151704
A87: 46419 | B87: 2968755 | C87: 14.480474 | D87: 52658582 | E87: 154555
A88: 46447 | B88: 3000269 | C88: 13.636106 | D88: 53932511 | E88: 155976
A89: 46478 | B89: 3023669 | C89: 11.761627 | D89: 55217261 | E89: 161963
A90: 46508 | B90: 3052968 | C90: 11.190091 | D90: 56512458 | E90: 171880
A91: 46539 | B91: 3077918 | C91: 11.425126 | D91: 57817727 | E91: 174145
A92: 46569 | B92: 3106013 | C92: 11.177427 | D92: 59132686 | E92: 165926
... A100: 46813 | B100: 3318819 | C100: 13.636106 | D100: 69954935 | E100: 189222
